-- =============================================================
-- Exercise: Ab Wheel Rollout
-- Disciplines: home_workout
-- =============================================================
DO $$
DECLARE v_ex_id UUID; v_var_id UUID; v_id UUID;
BEGIN
    IF EXISTS (SELECT 1 FROM exercises.exercise WHERE name = 'Ab Wheel Rollout') THEN
        RAISE NOTICE 'Already exists: Ab Wheel Rollout'; RETURN;
    END IF;
    v_ex_id := gen_random_uuid();

    INSERT INTO exercises.exercise (id,name,difficulty,mechanics,force,unilateral,bodyweight,overall_risk,spotter_required,owner_user_id,visibility,status,translations,created_at,updated_at)
    VALUES (v_ex_id,'Ab Wheel Rollout','intermediate','compound','dynamic',false,true,'low',false,NULL,'public','active',
        jsonb_build_object('it',jsonb_build_object('name','Ab Wheel','description','In ginocchio alto e core in brace, rotola in avanti senza inarcare la lombare. Fermati prima di perdere la posizione e torna indietro portando le costole giu e attivando dorsali e addome.'),
                           'en',jsonb_build_object('name','Ab Wheel Rollout','description','Kneel tall and brace hard, then roll the wheel forward slowly without letting the low back arch. Stop before you lose position and pull back by driving the ribs down and engaging the lats and abs.')),NOW(),NOW());

    -- MUSCLES
    SELECT id INTO v_id FROM exercises.muscle WHERE code='rectus_abdominis'; IF v_id IS NOT NULL THEN INSERT INTO exercises.exercise_muscle VALUES(v_ex_id,v_id,'primary',80,NOW()) ON CONFLICT DO NOTHING; END IF;
    SELECT id INTO v_id FROM exercises.muscle WHERE code='transversus_abdom'; IF v_id IS NOT NULL THEN INSERT INTO exercises.exercise_muscle VALUES(v_ex_id,v_id,'primary',70,NOW()) ON CONFLICT DO NOTHING; END IF;
    SELECT id INTO v_id FROM exercises.muscle WHERE code='lat_dorsi'; IF v_id IS NOT NULL THEN INSERT INTO exercises.exercise_muscle VALUES(v_ex_id,v_id,'secondary',55,NOW()) ON CONFLICT DO NOTHING; END IF;
    SELECT id INTO v_id FROM exercises.muscle WHERE code='deltoid_anterior'; IF v_id IS NOT NULL THEN INSERT INTO exercises.exercise_muscle VALUES(v_ex_id,v_id,'secondary',45,NOW()) ON CONFLICT DO NOTHING; END IF;
    SELECT id INTO v_id FROM exercises.muscle WHERE code='serratus_anterior'; IF v_id IS NOT NULL THEN INSERT INTO exercises.exercise_muscle VALUES(v_ex_id,v_id,'secondary',35,NOW()) ON CONFLICT DO NOTHING; END IF;

    -- CATEGORIES
    SELECT id INTO v_id FROM exercises.category WHERE code='home_workout'; IF v_id IS NOT NULL THEN INSERT INTO exercises.exercise_category VALUES(v_ex_id,v_id,true,NOW()) ON CONFLICT DO NOTHING; END IF;

    -- EQUIPMENT
    SELECT id INTO v_id FROM exercises.equipment WHERE code='ab_wheel'; IF v_id IS NOT NULL THEN INSERT INTO exercises.exercise_equipment VALUES(v_ex_id,v_id,true,true,1,NOW()) ON CONFLICT DO NOTHING; END IF;

    -- TAGS
    FOR v_id IN SELECT id FROM exercises.tag WHERE code IN('compound','isometric','anti_extension','bilateral','core_focus') LOOP INSERT INTO exercises.exercise_tag VALUES(v_ex_id,v_id,NOW()) ON CONFLICT DO NOTHING; END LOOP;

    IF NOT EXISTS (SELECT 1 FROM exercises.exercise WHERE name='Kneeling Ab Wheel Rollout') THEN
        v_var_id := gen_random_uuid();
        INSERT INTO exercises.exercise (id,name,difficulty,mechanics,force,unilateral,bodyweight,overall_risk,spotter_required,owner_user_id,visibility,status,translations,created_at,updated_at)
        VALUES(v_var_id,'Kneeling Ab Wheel Rollout','intermediate','compound','static',false,true,'medium',false,NULL,'public','active',
            jsonb_build_object('it',jsonb_build_object('name','Ab Wheel in Ginocchio','description','Variante di Ab Wheel Rollout che modifica leva o tempo per lavorare lo stesso schema. Mantieni un setup solido e muoviti in controllo senza perdere posizione.'),
                               'en',jsonb_build_object('name','Kneeling Ab Wheel Rollout','description','Variation of Ab Wheel Rollout that changes leverage or tempo to target the same pattern. Keep the same tight setup and move under control without losing position.')),NOW(),NOW());
        SELECT id INTO v_id FROM exercises.muscle WHERE code='rectus_abdominis'; IF v_id IS NOT NULL THEN INSERT INTO exercises.exercise_muscle VALUES(v_var_id,v_id,'primary',75,NOW()) ON CONFLICT DO NOTHING; END IF;
        SELECT id INTO v_id FROM exercises.category WHERE code='home_workout'; IF v_id IS NOT NULL THEN INSERT INTO exercises.exercise_category VALUES(v_var_id,v_id,true,NOW()) ON CONFLICT DO NOTHING; END IF;
        SELECT id INTO v_id FROM exercises.equipment WHERE code='ab_wheel'; IF v_id IS NOT NULL THEN INSERT INTO exercises.exercise_equipment VALUES(v_var_id,v_id,true,true,1,NOW()) ON CONFLICT DO NOTHING; END IF;
        INSERT INTO exercises.exercise_variation (base_exercise_id, variant_exercise_id, difficulty_delta, created_at) VALUES(v_ex_id,v_var_id,-1,NOW()) ON CONFLICT DO NOTHING;
    ELSE
        SELECT id INTO v_var_id FROM exercises.exercise WHERE name='Kneeling Ab Wheel Rollout';
        INSERT INTO exercises.exercise_variation (base_exercise_id, variant_exercise_id, difficulty_delta, created_at) VALUES(v_ex_id,v_var_id,-1,NOW()) ON CONFLICT DO NOTHING;
    END IF;
END $$;

