-- =============================================================
-- Exercise: Band Pull-Apart
-- Disciplines: home_workout
-- =============================================================
DO $$
DECLARE v_ex_id UUID; v_var_id UUID; v_id UUID;
BEGIN
    IF EXISTS (SELECT 1 FROM exercises.exercise WHERE name = 'Band Pull-Apart') THEN
        RAISE NOTICE 'Already exists: Band Pull-Apart'; RETURN;
    END IF;
    v_ex_id := gen_random_uuid();

    INSERT INTO exercises.exercise (id,name,difficulty,mechanics,force,unilateral,bodyweight,overall_risk,spotter_required,owner_user_id,visibility,status,translations,created_at,updated_at)
    VALUES (v_ex_id,'Band Pull-Apart','beginner','isolation','pull',false,false,'low',false,NULL,'public','active',
        jsonb_build_object('it',jsonb_build_object('name','Apertura con Elastico','description','Imposta una posizione stabile e metti in brace il core prima di iniziare. Muoviti in un ROM controllato, mantieni l''allineamento articolare e chiudi ogni ripetizione con tensione totale.'),
                           'en',jsonb_build_object('name','Band Pull-Apart','description','Set up in a stable position and brace the core before starting the movement. Move through a controlled range of motion, keep joint alignment clean, and finish each rep with full-body tension.')),NOW(),NOW());

    -- MUSCLES
    SELECT id INTO v_id FROM exercises.muscle WHERE code='rhomboid_major'; IF v_id IS NOT NULL THEN INSERT INTO exercises.exercise_muscle VALUES(v_ex_id,v_id,'primary',80,NOW()) ON CONFLICT DO NOTHING; END IF;
    SELECT id INTO v_id FROM exercises.muscle WHERE code='rhomboid_minor'; IF v_id IS NOT NULL THEN INSERT INTO exercises.exercise_muscle VALUES(v_ex_id,v_id,'primary',70,NOW()) ON CONFLICT DO NOTHING; END IF;
    SELECT id INTO v_id FROM exercises.muscle WHERE code='deltoid_posterior'; IF v_id IS NOT NULL THEN INSERT INTO exercises.exercise_muscle VALUES(v_ex_id,v_id,'secondary',55,NOW()) ON CONFLICT DO NOTHING; END IF;
    SELECT id INTO v_id FROM exercises.muscle WHERE code='infraspinatus'; IF v_id IS NOT NULL THEN INSERT INTO exercises.exercise_muscle VALUES(v_ex_id,v_id,'secondary',45,NOW()) ON CONFLICT DO NOTHING; END IF;
    SELECT id INTO v_id FROM exercises.muscle WHERE code='teres_minor'; IF v_id IS NOT NULL THEN INSERT INTO exercises.exercise_muscle VALUES(v_ex_id,v_id,'secondary',35,NOW()) ON CONFLICT DO NOTHING; END IF;

    -- CATEGORIES
    SELECT id INTO v_id FROM exercises.category WHERE code='home_workout'; IF v_id IS NOT NULL THEN INSERT INTO exercises.exercise_category VALUES(v_ex_id,v_id,true,NOW()) ON CONFLICT DO NOTHING; END IF;

    -- EQUIPMENT
    SELECT id INTO v_id FROM exercises.equipment WHERE code='resistance_band'; IF v_id IS NOT NULL THEN INSERT INTO exercises.exercise_equipment VALUES(v_ex_id,v_id,true,true,1,NOW()) ON CONFLICT DO NOTHING; END IF;

    -- TAGS
    FOR v_id IN SELECT id FROM exercises.tag WHERE code IN('isolation','vertical_pull','bilateral','upper_body','band_tag','home_friendly') LOOP INSERT INTO exercises.exercise_tag VALUES(v_ex_id,v_id,NOW()) ON CONFLICT DO NOTHING; END LOOP;

    IF NOT EXISTS (SELECT 1 FROM exercises.exercise WHERE name='Overhead Band Pull-Apart') THEN
        v_var_id := gen_random_uuid();
        INSERT INTO exercises.exercise (id,name,difficulty,mechanics,force,unilateral,bodyweight,overall_risk,spotter_required,owner_user_id,visibility,status,translations,created_at,updated_at)
        VALUES (v_var_id,'Overhead Band Pull-Apart','intermediate','compound','static',false,false,'medium',false,NULL,'public','active',
            jsonb_build_object('it',jsonb_build_object('name','Apertura con Elastico sopra la Testa','description','Variante di Band Pull-Apart che modifica leva o tempo per lavorare lo stesso schema. Mantieni un setup solido e muoviti in controllo senza perdere posizione.'),
                               'en',jsonb_build_object('name','Overhead Band Pull-Apart','description','Variation of Band Pull-Apart that changes leverage or tempo to target the same pattern. Keep the same tight setup and move under control without losing position.')),NOW(),NOW());
        SELECT id INTO v_id FROM exercises.muscle WHERE code='rhomboid_major'; IF v_id IS NOT NULL THEN INSERT INTO exercises.exercise_muscle VALUES(v_var_id,v_id,'primary',75,NOW()) ON CONFLICT DO NOTHING; END IF;
        SELECT id INTO v_id FROM exercises.category WHERE code='home_workout'; IF v_id IS NOT NULL THEN INSERT INTO exercises.exercise_category VALUES(v_var_id,v_id,true,NOW()) ON CONFLICT DO NOTHING; END IF;
        SELECT id INTO v_id FROM exercises.equipment WHERE code='resistance_band'; IF v_id IS NOT NULL THEN INSERT INTO exercises.exercise_equipment VALUES(v_var_id,v_id,true,true,1,NOW()) ON CONFLICT DO NOTHING; END IF;
        INSERT INTO exercises.exercise_variation (base_exercise_id, variant_exercise_id, difficulty_delta, created_at) VALUES(v_ex_id,v_var_id,1,NOW()) ON CONFLICT DO NOTHING;
    ELSE
        SELECT id INTO v_var_id FROM exercises.exercise WHERE name='Overhead Band Pull-Apart';
        INSERT INTO exercises.exercise_variation (base_exercise_id, variant_exercise_id, difficulty_delta, created_at) VALUES(v_ex_id,v_var_id,1,NOW()) ON CONFLICT DO NOTHING;
    END IF;
END $$;

