-- =============================================================
-- Exercise: Doorframe Row
-- Disciplines: home_workout
-- =============================================================
DO $$
DECLARE v_ex_id UUID; v_var_id UUID; v_id UUID;
BEGIN
    IF EXISTS (SELECT 1 FROM exercises.exercise WHERE name = 'Doorframe Row') THEN
        RAISE NOTICE 'Already exists: Doorframe Row'; RETURN;
    END IF;
    v_ex_id := gen_random_uuid();

    INSERT INTO exercises.exercise (id,name,difficulty,mechanics,force,unilateral,bodyweight,overall_risk,spotter_required,owner_user_id,visibility,status,translations,created_at,updated_at)
    VALUES (v_ex_id,'Doorframe Row','beginner','compound','pull',false,true,'low',false,NULL,'public','active',
        jsonb_build_object('it',jsonb_build_object('name','Remata al Telaio della Porta','description','Imposta un busto rigido e schiena neutra, poi tira i gomiti indietro mantenendo le spalle basse e addotte. Pausa un istante in massima contrazione e controlla il ritorno senza perdere tensione.'),
                           'en',jsonb_build_object('name','Doorframe Row','description','Set up with a rigid torso and a neutral spine, then pull your elbows back while keeping your shoulders down and back. Pause briefly in the squeezed position and control the return without losing tension.')),NOW(),NOW());

    -- MUSCLES
    SELECT id INTO v_id FROM exercises.muscle WHERE code='lat_dorsi'; IF v_id IS NOT NULL THEN INSERT INTO exercises.exercise_muscle VALUES(v_ex_id,v_id,'primary',80,NOW()) ON CONFLICT DO NOTHING; END IF;
    SELECT id INTO v_id FROM exercises.muscle WHERE code='rhomboid_major'; IF v_id IS NOT NULL THEN INSERT INTO exercises.exercise_muscle VALUES(v_ex_id,v_id,'primary',70,NOW()) ON CONFLICT DO NOTHING; END IF;
    SELECT id INTO v_id FROM exercises.muscle WHERE code='biceps_long_head'; IF v_id IS NOT NULL THEN INSERT INTO exercises.exercise_muscle VALUES(v_ex_id,v_id,'secondary',55,NOW()) ON CONFLICT DO NOTHING; END IF;
    SELECT id INTO v_id FROM exercises.muscle WHERE code='trap_mid'; IF v_id IS NOT NULL THEN INSERT INTO exercises.exercise_muscle VALUES(v_ex_id,v_id,'secondary',45,NOW()) ON CONFLICT DO NOTHING; END IF;
    SELECT id INTO v_id FROM exercises.muscle WHERE code='teres_major'; IF v_id IS NOT NULL THEN INSERT INTO exercises.exercise_muscle VALUES(v_ex_id,v_id,'secondary',35,NOW()) ON CONFLICT DO NOTHING; END IF;

    -- CATEGORIES
    SELECT id INTO v_id FROM exercises.category WHERE code='home_workout'; IF v_id IS NOT NULL THEN INSERT INTO exercises.exercise_category VALUES(v_ex_id,v_id,true,NOW()) ON CONFLICT DO NOTHING; END IF;

    -- EQUIPMENT
    SELECT id INTO v_id FROM exercises.equipment WHERE code='none_bodyweight'; IF v_id IS NOT NULL THEN INSERT INTO exercises.exercise_equipment VALUES(v_ex_id,v_id,true,true,1,NOW()) ON CONFLICT DO NOTHING; END IF;

    -- TAGS
    FOR v_id IN SELECT id FROM exercises.tag WHERE code IN('compound','horizontal_pull','bilateral','upper_body','no_equipment','home_friendly') LOOP INSERT INTO exercises.exercise_tag VALUES(v_ex_id,v_id,NOW()) ON CONFLICT DO NOTHING; END LOOP;

    IF NOT EXISTS (SELECT 1 FROM exercises.exercise WHERE name='Single-Arm Doorframe Row') THEN
        v_var_id := gen_random_uuid();
        INSERT INTO exercises.exercise (id,name,difficulty,mechanics,force,unilateral,bodyweight,overall_risk,spotter_required,owner_user_id,visibility,status,translations,created_at,updated_at)
        VALUES(v_var_id,'Single-Arm Doorframe Row','intermediate','compound','pull',true,true,'low',false,NULL,'public','active',
            jsonb_build_object('it',jsonb_build_object('name','Remata al Telaio con un Braccio','description','Variante di Doorframe Row che modifica leva o tempo per lavorare lo stesso schema. Mantieni un setup solido e muoviti in controllo senza perdere posizione.'),
                               'en',jsonb_build_object('name','Single-Arm Doorframe Row','description','Variation of Doorframe Row that changes leverage or tempo to target the same pattern. Keep the same tight setup and move under control without losing position.')),NOW(),NOW());
        SELECT id INTO v_id FROM exercises.muscle WHERE code='lat_dorsi'; IF v_id IS NOT NULL THEN INSERT INTO exercises.exercise_muscle VALUES(v_var_id,v_id,'primary',75,NOW()) ON CONFLICT DO NOTHING; END IF;
        SELECT id INTO v_id FROM exercises.category WHERE code='home_workout'; IF v_id IS NOT NULL THEN INSERT INTO exercises.exercise_category VALUES(v_var_id,v_id,true,NOW()) ON CONFLICT DO NOTHING; END IF;
        SELECT id INTO v_id FROM exercises.equipment WHERE code='none_bodyweight'; IF v_id IS NOT NULL THEN INSERT INTO exercises.exercise_equipment VALUES(v_var_id,v_id,true,true,1,NOW()) ON CONFLICT DO NOTHING; END IF;
        INSERT INTO exercises.exercise_variation VALUES(v_ex_id,v_var_id,1,NOW()) ON CONFLICT DO NOTHING;
    ELSE
        SELECT id INTO v_var_id FROM exercises.exercise WHERE name='Single-Arm Doorframe Row';
        INSERT INTO exercises.exercise_variation VALUES(v_ex_id,v_var_id,1,NOW()) ON CONFLICT DO NOTHING;
    END IF;
END $$;

