-- =============================================================
-- Exercise: Hex Press
-- Disciplines: bodybuilding
-- =============================================================
DO $$
DECLARE
    v_ex_id  UUID;
    v_var_id UUID;
    v_id     UUID;
BEGIN
    IF EXISTS (SELECT 1 FROM exercises.exercise WHERE name = 'Hex Press') THEN
        RAISE NOTICE 'Already exists: Hex Press'; RETURN;
    END IF;
    v_ex_id := gen_random_uuid();

    INSERT INTO exercises.exercise (id,name,difficulty,mechanics,force,unilateral,bodyweight,overall_risk,spotter_required,owner_user_id,visibility,status,translations,created_at,updated_at)
    VALUES (
        v_ex_id, 'Hex Press', 'intermediate', 'isolation', 'push',
        false, false, 'low', false, NULL, 'public', 'active',
        jsonb_build_object(
            'it', jsonb_build_object('name','Hex Press','description','Distensione con manubri tenuti a contatto tra loro sopra il petto: la pressione continua tra i manubri aumenta l''attivazione in adduzione del pettorale. Imposta scapole addotte e depresse, scendi controllato con i gomiti a ~45 gradi e spingi mantenendo i manubri “schiacciati” per tutta la salita.'),
            'en', jsonb_build_object('name','Hex Press','description','Dumbbell press performed with the dumbbells pressed together over the chest: constant inward pressure increases pec adduction and peak contraction. Set scapulae down and back, lower under control with elbows about 45 degrees, then press while keeping the dumbbells squeezed together through the entire rep.')
        ),
        NOW(), NOW()
    );

    -- MUSCLES
    SELECT id INTO v_id FROM exercises.muscle WHERE code='pec_major_mid'; IF v_id IS NOT NULL THEN INSERT INTO exercises.exercise_muscle VALUES(v_ex_id,v_id,'primary',70,NOW()) ON CONFLICT DO NOTHING; END IF;
    SELECT id INTO v_id FROM exercises.muscle WHERE code='pec_minor'; IF v_id IS NOT NULL THEN INSERT INTO exercises.exercise_muscle VALUES(v_ex_id,v_id,'secondary',35,NOW()) ON CONFLICT DO NOTHING; END IF;
    SELECT id INTO v_id FROM exercises.muscle WHERE code='deltoid_anterior'; IF v_id IS NOT NULL THEN INSERT INTO exercises.exercise_muscle VALUES(v_ex_id,v_id,'secondary',25,NOW()) ON CONFLICT DO NOTHING; END IF;
    SELECT id INTO v_id FROM exercises.muscle WHERE code='serratus_anterior'; IF v_id IS NOT NULL THEN INSERT INTO exercises.exercise_muscle VALUES(v_ex_id,v_id,'secondary',20,NOW()) ON CONFLICT DO NOTHING; END IF;

    -- CATEGORIES
    SELECT id INTO v_id FROM exercises.category WHERE code='bodybuilding'; IF v_id IS NOT NULL THEN INSERT INTO exercises.exercise_category VALUES(v_ex_id,v_id,true,NOW()) ON CONFLICT DO NOTHING; END IF;

    -- EQUIPMENT
    SELECT id INTO v_id FROM exercises.equipment WHERE code='dumbbell'; IF v_id IS NOT NULL THEN INSERT INTO exercises.exercise_equipment VALUES(v_ex_id,v_id,true,true,2,NOW()) ON CONFLICT DO NOTHING; END IF;
    SELECT id INTO v_id FROM exercises.equipment WHERE code='flat_bench'; IF v_id IS NOT NULL THEN INSERT INTO exercises.exercise_equipment VALUES(v_ex_id,v_id,true,false,1,NOW()) ON CONFLICT DO NOTHING; END IF;

    -- TAGS
    FOR v_id IN SELECT id FROM exercises.tag WHERE code IN('isolation','horizontal_push','upper_body','bilateral','hypertrophy','dumbbell_tag','gym_required','time_under_tension')
    LOOP INSERT INTO exercises.exercise_tag VALUES(v_ex_id,v_id,NOW()) ON CONFLICT DO NOTHING; END LOOP;

    -- VARIANTS
    -- Incline Hex Press
    IF NOT EXISTS (SELECT 1 FROM exercises.exercise WHERE name='Incline Hex Press') THEN
        v_var_id := gen_random_uuid();
        INSERT INTO exercises.exercise (id,name,difficulty,mechanics,force,unilateral,bodyweight,overall_risk,spotter_required,owner_user_id,visibility,status,translations,created_at,updated_at)
        VALUES (v_var_id,'Incline Hex Press','intermediate','compound','static',false,false,'medium',false,NULL,'public','active',
            jsonb_build_object(
                'it',jsonb_build_object('name','Hex Press Inclinato','description','Hex press su panca inclinata: l''angolo sposta l''enfasi sul petto alto mantenendo il cue della pressione tra i manubri. Mantieni l''arco di movimento controllato e termina con contrazione forte senza perdere contatto tra i manubri.'),
                'en',jsonb_build_object('name','Incline Hex Press','description','Hex press performed on an incline bench: the angle shifts emphasis toward the upper chest while keeping the continuous dumbbell squeeze. Control the descent and finish each rep with a strong contraction without losing dumbbell contact.')
            ),NOW(),NOW());
        SELECT id INTO v_id FROM exercises.muscle WHERE code='pec_major_upper'; IF v_id IS NOT NULL THEN INSERT INTO exercises.exercise_muscle VALUES(v_var_id,v_id,'primary',70,NOW()) ON CONFLICT DO NOTHING; END IF;
        SELECT id INTO v_id FROM exercises.muscle WHERE code='pec_major_mid'; IF v_id IS NOT NULL THEN INSERT INTO exercises.exercise_muscle VALUES(v_var_id,v_id,'secondary',35,NOW()) ON CONFLICT DO NOTHING; END IF;
        SELECT id INTO v_id FROM exercises.muscle WHERE code='deltoid_anterior'; IF v_id IS NOT NULL THEN INSERT INTO exercises.exercise_muscle VALUES(v_var_id,v_id,'secondary',30,NOW()) ON CONFLICT DO NOTHING; END IF;
        SELECT id INTO v_id FROM exercises.category WHERE code='bodybuilding'; IF v_id IS NOT NULL THEN INSERT INTO exercises.exercise_category VALUES(v_var_id,v_id,true,NOW()) ON CONFLICT DO NOTHING; END IF;
        SELECT id INTO v_id FROM exercises.equipment WHERE code='dumbbell'; IF v_id IS NOT NULL THEN INSERT INTO exercises.exercise_equipment VALUES(v_var_id,v_id,true,true,2,NOW()) ON CONFLICT DO NOTHING; END IF;
        SELECT id INTO v_id FROM exercises.equipment WHERE code='incline_bench'; IF v_id IS NOT NULL THEN INSERT INTO exercises.exercise_equipment VALUES(v_var_id,v_id,true,false,1,NOW()) ON CONFLICT DO NOTHING; END IF;
        FOR v_id IN SELECT id FROM exercises.tag WHERE code IN('isolation','horizontal_push','upper_body','bilateral','hypertrophy','dumbbell_tag','gym_required','time_under_tension')
        LOOP INSERT INTO exercises.exercise_tag VALUES(v_var_id,v_id,NOW()) ON CONFLICT DO NOTHING; END LOOP;
        INSERT INTO exercises.exercise_variation (base_exercise_id, variant_exercise_id, variation_type, difficulty_delta, created_at) VALUES(v_ex_id,v_var_id,'default',0,NOW()) ON CONFLICT DO NOTHING;
    ELSE
        SELECT id INTO v_var_id FROM exercises.exercise WHERE name='Incline Hex Press';
        INSERT INTO exercises.exercise_variation (base_exercise_id, variant_exercise_id, variation_type, difficulty_delta, created_at) VALUES(v_ex_id,v_var_id,'default',0,NOW()) ON CONFLICT DO NOTHING;
    END IF;

END $$;

