-- =============================================================
-- Exercise: Rack Pull
-- Disciplines: powerlifting, olympic_weightlifting
-- =============================================================
DO $$
DECLARE v_ex_id UUID; v_var_id UUID; v_id UUID;
BEGIN
    IF EXISTS (SELECT 1 FROM exercises.exercise WHERE name = 'Rack Pull') THEN
        SELECT id INTO v_ex_id FROM exercises.exercise WHERE name = 'Rack Pull';
        SELECT id INTO v_id FROM exercises.category WHERE code='powerlifting'; IF v_id IS NOT NULL AND v_ex_id IS NOT NULL THEN INSERT INTO exercises.exercise_category VALUES(v_ex_id,v_id,true,NOW()) ON CONFLICT DO NOTHING; END IF;
        SELECT id INTO v_id FROM exercises.category WHERE code='olympic_weightlifting'; IF v_id IS NOT NULL AND v_ex_id IS NOT NULL THEN INSERT INTO exercises.exercise_category VALUES(v_ex_id,v_id,false,NOW()) ON CONFLICT DO NOTHING; END IF;
        RAISE NOTICE 'Already exists, categories updated: Rack Pull'; RETURN;
    END IF;
    v_ex_id := gen_random_uuid();

    INSERT INTO exercises.exercise (id,name,difficulty,mechanics,force,unilateral,bodyweight,overall_risk,spotter_required,owner_user_id,visibility,status,translations,created_at,updated_at)
    VALUES (v_ex_id,'Rack Pull','intermediate','compound','pull',false,false,'medium',false,NULL,'public','active',
        jsonb_build_object(
            'it',jsonb_build_object('name','Rack Pull','description','Stacco parziale con il bilanciere su perni del rack a altezza variabile (tipicamente sotto le ginocchia o sopra). Permette carichi superiori al massimale del deadlift completo e allena specificamente la fase di lockout. La schiena deve rimanere neutra, il bilanciere a contatto con le cosce durante la salita, estendere completamente fianchi e ginocchia in cima.'),
            'en',jsonb_build_object('name','Rack Pull','description','Partial deadlift with barbell on rack pins at variable height (typically below or above knees). Allows loads heavier than full deadlift max and specifically trains the lockout phase. Maintain neutral spine, bar in contact with thighs during ascent, fully extend hips and knees at top.')),
        NOW(),NOW());

    -- MUSCLES
    SELECT id INTO v_id FROM exercises.muscle WHERE code='erector_spinae'; IF v_id IS NOT NULL THEN INSERT INTO exercises.exercise_muscle VALUES(v_ex_id,v_id,'primary',68,NOW()) ON CONFLICT DO NOTHING; END IF;
    SELECT id INTO v_id FROM exercises.muscle WHERE code='gluteus_maximus'; IF v_id IS NOT NULL THEN INSERT INTO exercises.exercise_muscle VALUES(v_ex_id,v_id,'primary',60,NOW()) ON CONFLICT DO NOTHING; END IF;
    SELECT id INTO v_id FROM exercises.muscle WHERE code='trap_mid'; IF v_id IS NOT NULL THEN INSERT INTO exercises.exercise_muscle VALUES(v_ex_id,v_id,'secondary',50,NOW()) ON CONFLICT DO NOTHING; END IF;
    SELECT id INTO v_id FROM exercises.muscle WHERE code='lat_dorsi'; IF v_id IS NOT NULL THEN INSERT INTO exercises.exercise_muscle VALUES(v_ex_id,v_id,'secondary',40,NOW()) ON CONFLICT DO NOTHING; END IF;
    SELECT id INTO v_id FROM exercises.muscle WHERE code='biceps_femoris_long'; IF v_id IS NOT NULL THEN INSERT INTO exercises.exercise_muscle VALUES(v_ex_id,v_id,'secondary',40,NOW()) ON CONFLICT DO NOTHING; END IF;

    -- CATEGORIES
    SELECT id INTO v_id FROM exercises.category WHERE code='powerlifting'; IF v_id IS NOT NULL THEN INSERT INTO exercises.exercise_category VALUES(v_ex_id,v_id,true,NOW()) ON CONFLICT DO NOTHING; END IF;
    SELECT id INTO v_id FROM exercises.category WHERE code='olympic_weightlifting'; IF v_id IS NOT NULL THEN INSERT INTO exercises.exercise_category VALUES(v_ex_id,v_id,false,NOW()) ON CONFLICT DO NOTHING; END IF;

    -- EQUIPMENT
    SELECT id INTO v_id FROM exercises.equipment WHERE code='barbell'; IF v_id IS NOT NULL THEN INSERT INTO exercises.exercise_equipment VALUES(v_ex_id,v_id,true,true,1,NOW()) ON CONFLICT DO NOTHING; END IF;
    SELECT id INTO v_id FROM exercises.equipment WHERE code='power_rack'; IF v_id IS NOT NULL THEN INSERT INTO exercises.exercise_equipment VALUES(v_ex_id,v_id,true,true,2,NOW()) ON CONFLICT DO NOTHING; END IF;

    -- TAGS
    FOR v_id IN SELECT id FROM exercises.tag WHERE code IN('powerlifting','compound','strength','gym_required','posterior_chain') LOOP INSERT INTO exercises.exercise_tag VALUES(v_ex_id,v_id,NOW()) ON CONFLICT DO NOTHING; END LOOP;

    -- VARIANTS
    IF NOT EXISTS (SELECT 1 FROM exercises.exercise WHERE name='Pause Rack Pull') THEN
        v_var_id := gen_random_uuid();
        INSERT INTO exercises.exercise (id,name,difficulty,mechanics,force,unilateral,bodyweight,overall_risk,spotter_required,owner_user_id,visibility,status,translations,created_at,updated_at)
        VALUES (v_var_id,'Pause Rack Pull','intermediate','compound','static',false,false,'medium',false,NULL,'public','active',
            jsonb_build_object('it',jsonb_build_object('name','Rack Pull con Pausa','description','Rack pull con pausa a meta percorso, sviluppa forza isometrica e controllo del bilanciere.'),'en',jsonb_build_object('name','Pause Rack Pull','description','Rack pull with mid-range pause, building isometric strength and bar control.')),NOW(),NOW());
        SELECT id INTO v_id FROM exercises.muscle WHERE code='erector_spinae'; IF v_id IS NOT NULL THEN INSERT INTO exercises.exercise_muscle VALUES(v_var_id,v_id,'primary',68,NOW()) ON CONFLICT DO NOTHING; END IF;
        SELECT id INTO v_id FROM exercises.category WHERE code='powerlifting'; IF v_id IS NOT NULL THEN INSERT INTO exercises.exercise_category VALUES(v_var_id,v_id,true,NOW()) ON CONFLICT DO NOTHING; END IF;
        SELECT id INTO v_id FROM exercises.equipment WHERE code='barbell'; IF v_id IS NOT NULL THEN INSERT INTO exercises.exercise_equipment VALUES(v_var_id,v_id,true,true,1,NOW()) ON CONFLICT DO NOTHING; END IF;
        INSERT INTO exercises.exercise_variation (base_exercise_id, variant_exercise_id, difficulty_delta, created_at) VALUES(v_ex_id,v_var_id,1,NOW()) ON CONFLICT DO NOTHING;
    ELSE
        SELECT id INTO v_var_id FROM exercises.exercise WHERE name='Pause Rack Pull';
        INSERT INTO exercises.exercise_variation (base_exercise_id, variant_exercise_id, difficulty_delta, created_at) VALUES(v_ex_id,v_var_id,1,NOW()) ON CONFLICT DO NOTHING;
    END IF;

END $$;
