-- =============================================================
-- Exercise: Swiss Ball Leg Curl
-- Disciplines: bodybuilding
-- =============================================================
DO $$
DECLARE v_ex_id UUID; v_var_id UUID; v_id UUID;
BEGIN
    IF EXISTS (SELECT 1 FROM exercises.exercise WHERE name = 'Swiss Ball Leg Curl') THEN
        RAISE NOTICE 'Already exists: Swiss Ball Leg Curl'; RETURN;
    END IF;
    v_ex_id := gen_random_uuid();

    INSERT INTO exercises.exercise (id,name,difficulty,mechanics,force,unilateral,bodyweight,overall_risk,spotter_required,owner_user_id,visibility,status,translations,created_at,updated_at)
    VALUES (v_ex_id,'Swiss Ball Leg Curl','intermediate','compound','pull',false,true,'low',false,NULL,'public','active',
        jsonb_build_object(
            'it',jsonb_build_object('name','Leg Curl su Palla Svizzera','description','Regola la macchina per allineare ginocchio e fulcro, poi fletti controllando il movimento senza compensi. Ritorna lentamente enfatizzando l''eccentrica.'),
            'en',jsonb_build_object('name','Swiss Ball Leg Curl','description','Set the machine so the knee aligns with the pivot, then curl under control without compensations. Return slowly emphasizing the eccentric.')
        ),NOW(),NOW());

    -- MUSCLES
    SELECT id INTO v_id FROM exercises.muscle WHERE code='biceps_femoris_long'; IF v_id IS NOT NULL THEN INSERT INTO exercises.exercise_muscle VALUES(v_ex_id,v_id,'primary',75,NOW()) ON CONFLICT DO NOTHING; END IF;
    SELECT id INTO v_id FROM exercises.muscle WHERE code='semitendinosus'; IF v_id IS NOT NULL THEN INSERT INTO exercises.exercise_muscle VALUES(v_ex_id,v_id,'primary',75,NOW()) ON CONFLICT DO NOTHING; END IF;
    SELECT id INTO v_id FROM exercises.muscle WHERE code='semimembranosus'; IF v_id IS NOT NULL THEN INSERT INTO exercises.exercise_muscle VALUES(v_ex_id,v_id,'primary',75,NOW()) ON CONFLICT DO NOTHING; END IF;
    SELECT id INTO v_id FROM exercises.muscle WHERE code='gluteus_maximus'; IF v_id IS NOT NULL THEN INSERT INTO exercises.exercise_muscle VALUES(v_ex_id,v_id,'secondary',45,NOW()) ON CONFLICT DO NOTHING; END IF;
    SELECT id INTO v_id FROM exercises.muscle WHERE code='gastrocnemius_medial'; IF v_id IS NOT NULL THEN INSERT INTO exercises.exercise_muscle VALUES(v_ex_id,v_id,'secondary',45,NOW()) ON CONFLICT DO NOTHING; END IF;

    -- CATEGORIES
    SELECT id INTO v_id FROM exercises.category WHERE code='bodybuilding'; IF v_id IS NOT NULL THEN INSERT INTO exercises.exercise_category VALUES(v_ex_id,v_id,true,NOW()) ON CONFLICT DO NOTHING; END IF;

    -- EQUIPMENT
    SELECT id INTO v_id FROM exercises.equipment WHERE code='stability_ball'; IF v_id IS NOT NULL THEN INSERT INTO exercises.exercise_equipment VALUES(v_ex_id,v_id,true,true,1,NOW()) ON CONFLICT DO NOTHING; END IF;
    SELECT id INTO v_id FROM exercises.equipment WHERE code='none_bodyweight'; IF v_id IS NOT NULL THEN INSERT INTO exercises.exercise_equipment VALUES(v_ex_id,v_id,true,false,1,NOW()) ON CONFLICT DO NOTHING; END IF;

    -- TAGS
    FOR v_id IN SELECT id FROM exercises.tag WHERE code IN('compound','lower_body','bilateral','strength','hypertrophy','no_equipment','home_friendly') LOOP INSERT INTO exercises.exercise_tag VALUES(v_ex_id,v_id,NOW()) ON CONFLICT DO NOTHING; END LOOP;

    -- VARIANTS

    -- Single Leg Swiss Ball Curl
    IF NOT EXISTS (SELECT 1 FROM exercises.exercise WHERE name='Single Leg Swiss Ball Curl') THEN
        v_var_id := gen_random_uuid();
        INSERT INTO exercises.exercise (id,name,difficulty,mechanics,force,unilateral,bodyweight,overall_risk,spotter_required,owner_user_id,visibility,status,translations,created_at,updated_at)
        VALUES(v_var_id,'Single Leg Swiss Ball Curl','intermediate','compound','pull',true,true,'low',false,NULL,'public','active',
            jsonb_build_object('it',jsonb_build_object('name','Leg Curl Monogamba su Palla Svizzera','description','Esecuzione tecnica di Leg Curl Monogamba su Palla Svizzera: setup stabile e core in tenuta, controlla l''eccentrica senza compensi. Usa un ROM utile e chiudi ogni ripetizione con contrazione attiva.'),
                               'en',jsonb_build_object('name','Single Leg Swiss Ball Curl','description','Technical execution of Single Leg Swiss Ball Curl: stable setup and core braced, control the eccentric without compensations. Use a useful range and finish each rep with active contraction.')),NOW(),NOW());
        SELECT id INTO v_id FROM exercises.muscle WHERE code='biceps_femoris_long'; IF v_id IS NOT NULL THEN INSERT INTO exercises.exercise_muscle VALUES(v_var_id,v_id,'primary',75,NOW()) ON CONFLICT DO NOTHING; END IF;
        SELECT id INTO v_id FROM exercises.muscle WHERE code='semitendinosus'; IF v_id IS NOT NULL THEN INSERT INTO exercises.exercise_muscle VALUES(v_var_id,v_id,'primary',75,NOW()) ON CONFLICT DO NOTHING; END IF;
        SELECT id INTO v_id FROM exercises.muscle WHERE code='semimembranosus'; IF v_id IS NOT NULL THEN INSERT INTO exercises.exercise_muscle VALUES(v_var_id,v_id,'primary',75,NOW()) ON CONFLICT DO NOTHING; END IF;
        SELECT id INTO v_id FROM exercises.muscle WHERE code='gluteus_maximus'; IF v_id IS NOT NULL THEN INSERT INTO exercises.exercise_muscle VALUES(v_var_id,v_id,'secondary',45,NOW()) ON CONFLICT DO NOTHING; END IF;
        SELECT id INTO v_id FROM exercises.muscle WHERE code='gastrocnemius_medial'; IF v_id IS NOT NULL THEN INSERT INTO exercises.exercise_muscle VALUES(v_var_id,v_id,'secondary',45,NOW()) ON CONFLICT DO NOTHING; END IF;
        SELECT id INTO v_id FROM exercises.category WHERE code='bodybuilding'; IF v_id IS NOT NULL THEN INSERT INTO exercises.exercise_category VALUES(v_var_id,v_id,true,NOW()) ON CONFLICT DO NOTHING; END IF;
        SELECT id INTO v_id FROM exercises.equipment WHERE code='stability_ball'; IF v_id IS NOT NULL THEN INSERT INTO exercises.exercise_equipment VALUES(v_var_id,v_id,true,true,1,NOW()) ON CONFLICT DO NOTHING; END IF;
        SELECT id INTO v_id FROM exercises.equipment WHERE code='none_bodyweight'; IF v_id IS NOT NULL THEN INSERT INTO exercises.exercise_equipment VALUES(v_var_id,v_id,true,false,1,NOW()) ON CONFLICT DO NOTHING; END IF;
        FOR v_id IN SELECT id FROM exercises.tag WHERE code IN('compound','lower_body','unilateral','strength','hypertrophy','no_equipment','home_friendly') LOOP INSERT INTO exercises.exercise_tag VALUES(v_var_id,v_id,NOW()) ON CONFLICT DO NOTHING; END LOOP;
        INSERT INTO exercises.exercise_variation VALUES(v_ex_id,v_var_id,0,NOW()) ON CONFLICT DO NOTHING;
    ELSE
        SELECT id INTO v_var_id FROM exercises.exercise WHERE name='Single Leg Swiss Ball Curl';
        INSERT INTO exercises.exercise_variation VALUES(v_ex_id,v_var_id,0,NOW()) ON CONFLICT DO NOTHING;
    END IF;

END $$;
